building type,lifetime
Masonry,77.51906865
Wood,51.62585307
Concrete,87.23404255
Steel,77.31834605
